,X1,X2,X3,X4,X5,Y
0,-0.7835058808448698,-0.338539717833481,0.22642417022511507,-0.5461029885998017,0.8389538189024679,3.114970067904153
1,-0.422773002059579,-0.10123161536236314,0.08565217999771213,-0.6950886113911794,-0.0380479988356317,2.119099525352467
2,0.7342868543038932,0.8884063276671064,-0.3731871650463341,0.4192910252602233,0.6384618767890085,-5.96408410088228
3,-0.5835034065221267,-0.11326459639757647,0.43120255030860966,-0.17896042917214428,-0.6179860892591578,2.1176370245580527
4,0.05128363509541001,-0.5116532733486359,0.6650101837795481,-0.40904593691817337,-0.5901336192559858,2.1200126944864337
5,-0.7995710753303567,0.0895267419832586,-0.3059496938662061,-0.21780838769908106,-0.37898251641058756,4.389288911674661
6,-0.9567946547177142,0.6185569448645933,0.698496754364776,0.07339100189524417,0.7860944377890449,-1.6528913067086635
7,-0.13824869573857623,0.24992890641770682,0.10882426313102833,0.9513425327061629,0.51094878283622,-4.700739295980885
8,-0.8368334191002547,-0.8375983002278224,0.6915964472674914,-0.23265450165228518,-0.878520754103103,3.4213525590243505
9,-0.8174073155935964,-0.07269455022896798,0.004432670645574177,-0.37266209989574506,-0.905320925524526,3.152515999533244
10,0.4027196020364654,0.41516223711871203,0.9198782674489336,0.7534093630076226,-0.06388066522548819,-4.64968372422411
11,0.4456435648143078,0.5602659298750219,-0.025010601502173158,0.2055060402940303,-0.8222104994062485,-1.7095834369010618
12,0.5078754210492438,-0.3344443642615218,0.42009267564620334,0.9452489842165852,0.8324798297444467,-4.579417727784588
13,-0.2256095901609656,0.11171916915545177,-0.971712388805914,0.6952939904469551,0.8438397232578121,-1.0370858537317669
14,-0.4606334442794633,-0.11987670967817965,-0.7339951878548505,0.033232620606167274,-0.8920884144001908,4.813964280620024
15,0.11683833533961119,0.20155510431500812,0.19113378984196205,-0.38757304226180467,-0.8332615601143443,1.2517705615344688
16,-0.7878894788247499,-0.9958161976335451,0.9049777355789272,-0.002684640999628618,-0.34332924232921846,1.0748225432855858
17,0.5174795546040527,0.4838374359341213,-0.8919156649607771,-0.8885846688134282,0.35323548177347885,1.6082411247441686
18,-0.15396805187862284,-0.21396340711136363,-0.9265977002961607,0.7680391887547346,0.3529602189362513,-0.15102717302643665
19,-0.10157510240756351,-0.0050582018792098005,-0.30819137928495066,-0.09330772621944505,-0.19069732863807065,1.618972906927999
20,0.6363496003129943,0.3923837136292496,-0.7704315922896465,0.41466521205177553,0.9024041812217845,-4.622203486471694
21,0.4311586414370612,0.5843372016293569,0.6525593447711122,0.5400605531189762,0.38085562661158856,-4.777585264968952
22,0.8729437059493887,-0.5528407395766171,-0.5481529185271694,0.7036378208440495,0.6553100519377695,-2.628507626573759
23,0.6808213960523746,0.8914373797286894,0.09018621036860575,-0.36780013899970654,-0.21994769330674702,-2.2279861749297805
24,0.3336901806344321,-0.06343913506759913,-0.7521004645395639,0.08213942744232727,0.263818975441934,0.3048541943247094
25,0.692248244866704,-0.4561741800746555,0.9574921434569388,0.7718479438841008,-0.6013438230067298,-2.6251166246455173
26,-0.6733246173272343,0.9682565760473945,-0.544395868369947,0.17883086626139466,0.1752315106376201,-0.46473677110255973
27,-0.24326125860953218,-0.7286534057498555,0.1273291857983856,0.4541599010066606,0.34225320894024347,0.11297411263724555
28,-0.5921269845868937,0.11403745615934269,0.5495577975228443,-0.15961706982505253,0.4084074214049769,-1.0336712494512494
29,-0.8606719871529249,-0.5422400812585013,-0.4108411924474016,-0.8198931228133239,-0.5094956312754839,7.88384710680976
30,-0.1752551475473012,-0.1216009196918939,-0.39218131900953157,-0.5408892203153366,-0.6800910597105272,4.2742252488791275
31,-0.3696764508811845,-0.5884049876364068,-0.41868864022069974,0.9087566136178864,-0.8263963554954437,3.5092587289554706
32,0.6041513340779661,-0.20372422902166987,0.4543820101211262,0.16224601776236014,-0.2713166408505816,-0.49541824240262655
33,-0.7455858825934094,-0.6729005489938913,0.6352880662702687,-0.9451412938373258,0.8320270246601074,2.701259499719623
34,0.2756383146599659,0.794295036386772,-0.033720795815770366,0.6491203399268348,-0.9657909434228849,-2.4127763095268246
35,-0.3261103006512778,-0.5621372018547257,0.8733329979727498,-0.35244374589197314,-0.7445948392018022,0.6177070673456155
36,-0.4529768071447151,-0.94439884809921,-0.8145590383714127,-0.7217878322438775,0.33019611802786986,3.7349833150099174
37,-0.5224331877147377,0.4095570951110612,-0.3009629452160867,-0.4451520799852293,0.9978368119455951,-0.1635648266399436
38,0.17165270646781305,-0.9649802559188703,-0.24606506150000573,0.029785591247423193,-0.08430558877802485,2.7639292399961555
39,0.945034383845825,0.4499262381591276,0.5801251048990033,0.5371669439254192,0.9139879145450502,-5.1667457512244415
40,0.48960905388078824,0.8063554445217347,-0.261922267923796,-0.14267305532184094,0.4655349847972601,-1.9842163695473196
41,0.8375585557182579,-0.9651996799670686,0.5989779930651686,-0.8211941002179848,0.8331085948904269,0.4863858903444036
42,0.43150082284966573,-0.9181844139274047,0.032221671063005,0.5853027214529491,-0.514075626979992,0.7871709831351543
43,-0.9439127829889675,0.23298295200012653,-0.0736833950792557,-0.4741700208795203,0.5551805530181408,0.06972813747931239
44,0.7220150513443002,0.5341385478526204,0.1163562164376648,-0.6864334687845264,-0.2174748617885558,-0.6021352361581105
45,0.9987251843849005,0.2811264620681013,-0.31824078458656224,-0.37995111272945836,0.9453752870611092,-3.4919818959803703
46,0.5565148660610628,0.3314419910817168,-0.3139996797763229,0.013587751835051565,-0.7425094421307252,-0.0009092085379371478
47,0.10474015058814623,0.1571029362176659,0.0430661187946646,-0.9946238708513586,0.9766908385656401,-0.3405160916691358
48,0.5032299257299866,-0.052016237338676774,0.1750803201342339,0.16827796227199743,0.9597726158347755,-4.670096863702069
49,0.33862756592454457,0.17187310512442577,0.24980700419119972,0.34937810197564967,0.6846848752405146,-2.7620455741332752
50,0.6491309100433182,-0.21185040767093555,0.6269498731535488,0.6984971485733449,-0.4366795556051881,-5.1780286409585825
51,0.7628646108749562,-0.0865749551647288,0.6623354967328301,-0.4539174029120716,0.5097261042848247,-2.79498179651825
52,0.34235655644304797,-0.38110675145957185,-0.18636308700587767,-0.48839206965764537,0.06845350408940498,2.912957314946797
53,0.6421617335194145,0.9408872443666667,-0.44422795505286117,0.7309866383385288,-0.413895920395458,-3.2609618327272507
54,-0.17467598638035975,-0.4291462294066475,0.3901654554495324,-0.30019824949425167,0.1717000422454169,0.14076033763094242
55,0.5276848460763213,0.8586012661665825,0.12154425139520697,0.7660786586511357,-0.5037909136769718,-2.723019313462249
56,-0.3221880051224184,-0.7537774856897876,0.8236936614019115,0.8997231602774518,0.08264107203664617,1.2689501889274863
57,-0.9279102948082654,-0.36273219885920627,-0.021881618520881885,0.14440768516861935,-0.7902574121439989,3.016338003311853
58,-0.035499714051351994,0.790845161861534,0.9545387507591803,0.4647882642864225,0.9245467166481349,-6.807027214885121
59,-0.93209272774356,0.9652451703743776,0.23201295513329367,-0.8821210427939581,0.32233754359396105,0.6264125428939622
60,-0.9844140370414498,0.909266163786925,-0.28307941367173584,-0.02336864097938074,0.8481710273960581,-1.822592673647978
61,-0.08745880191687427,-0.4403959631284595,0.8657832962829632,-0.3712972927416065,0.8194293240866761,-2.367587800968386
62,-0.5073579920175544,-0.22945710798222474,-0.44000009786729866,0.3153204821182096,-0.3515567511166282,2.251791856829129
63,0.3508179754063787,-0.8376020050004185,0.4469311836626966,-0.1671267751990817,0.8363198365757836,-1.237930625879554
64,-0.20890423616527287,0.5015772924544672,-0.7180021036852955,-0.9270755818954011,0.7834011497462039,1.623478016081267
65,-0.008803649389973911,0.43631861916162107,0.9543304772659265,-0.40920539967062197,-0.7649640520357868,-0.47516241496898537
66,0.6209660437423856,-0.319649539881824,0.6253013185496483,-0.6000303697457967,0.46475120975108863,-1.6813818081664116
67,-0.3003039392761928,-0.35301681715537314,0.8473563110363516,0.23867638066104835,-0.1808149133993513,-0.5699844220357776
68,0.47984544390359596,0.47658747428943604,0.5090458128098267,-0.29666124763292956,-0.29544610592204323,-2.1411790206010664
69,0.873229293807422,-0.652749930962212,-0.7080533251978054,0.08048819035943477,0.6774370425705882,-0.5906357931523609
70,0.4132667400895156,-0.5594201219851189,-0.7866343639055156,-0.8524482852547837,-0.6240518437594054,5.482155656598814
71,0.0982869819327219,-0.47398185294328266,0.13273242974567134,0.4566397318821416,-0.7886321310089552,-0.271196138653628
72,0.021034910938676932,-0.3117851742469022,0.7222098666239156,0.15518377137616923,0.008782500850399222,-1.0758827077657358
73,0.42954298328491336,-0.6702683229305435,-0.3280168211921326,-0.18165541540616048,-0.1590371745457484,2.922388839764418
74,0.5278890170192809,0.652071938270598,-0.95722060301601,-0.4333952451837908,0.07061248882552618,-0.9503071996796751
75,-0.862926831920072,-0.5849786068244973,-0.7998906858915831,-0.993231277198146,-0.4298526156799085,7.31966249955046
76,-0.6542719908619636,0.4525391828200538,0.09324537292323853,0.39194879790658055,-0.4193097907081096,0.31884631156552257
77,-0.49076530190796164,0.4593220918254244,-0.6852586453440128,0.38484326793987966,0.4606705999101488,0.5896124683850715
78,-0.9131638180594459,0.41423012053535224,-0.032221921930747355,-0.11155787734403955,-0.9273533112960368,4.379441412562425
79,-0.14037332422683613,0.7457578286436146,-0.2880846640527708,0.8595273058076935,-0.7024446875157928,-1.5071506888521726
80,-0.9044379906536781,0.5695847467807449,0.6348925102189149,-0.6751403215664145,0.6141990781778996,0.6202408950929029
81,-0.08056567817809346,-0.7646929912250773,0.43901922392325443,0.8272945025736886,-0.26764109164569794,-0.8360046533504819
82,-0.820336265855272,0.29689942381809553,0.46520243458585675,0.3561906298376878,-0.8961981057315855,1.645208727220913
83,0.5172492951116259,0.4375316709583503,-0.7976360917896224,0.0323319139438869,0.11559732073043683,-0.17142448255502873
84,0.7407410088869071,0.991563500270561,-0.5603280999974256,0.22334275435020556,0.6950046210562868,-3.6255815961760183
85,0.22907110135937225,0.9784873769899809,0.32073616439560193,0.23489237006314023,0.852658639429311,-4.51304510267526
86,0.4992402244077139,0.8957962093768297,0.5374220037258837,-0.6542577714932956,-0.4322842740212174,-1.6898087270901168
87,0.4201994729871683,0.4574698953035865,-0.9488870726079783,0.9235702058680506,-0.7219812140199782,0.037818820147654
88,0.8952473234491263,-0.911345278649131,-0.7667506639190562,0.7547081244931202,-0.09647167087023822,-0.008552734932124953
89,0.2718007187027123,-0.935604130124152,0.4895613102835319,-0.05417399552308977,-0.7564912890538926,2.7903136881225876
90,-0.4264258237331531,0.9834638259061748,0.12084460328838276,0.5756348668010056,-0.9350350679871868,-1.04211179326134
91,-0.8336100233351225,0.5273656828866764,-0.512667250926252,-0.6115540788424583,0.14491391498294615,3.116487339725214
92,-0.45590806611181955,0.46547513360909565,-0.20180566063320304,-0.4909611736980266,0.7802176322933645,-0.9739348571459063
93,0.2235621561537804,-0.6829755378058608,-0.950978789486767,-0.8104699676258718,0.3018954664315392,3.700607708095629
94,0.347557868957036,-0.8893610060289263,0.9107322736356684,0.6669739608005736,0.6653679265129129,-4.036162484090031
95,0.3070610556696838,0.9567961155476172,-0.3522444368814692,-0.7372584525729813,-0.6549370289998895,0.4601696315154419
96,-0.9186336190172377,-0.3344927658761181,0.8942390798148665,0.23531995422938223,-0.26225031663814624,0.2204961138937903
97,-0.2547883167711278,0.7036830851369611,-0.570850805785339,-0.023475221747017105,0.13147749092447625,0.08691205201534606
98,-0.14361211292210707,0.7217675681503364,-0.4771592149789283,-0.39559120399390846,0.4654545383753548,-0.18574210030655064
99,0.22154863993262297,0.4557144888908229,0.08680924913815713,-0.977595979946118,0.5114002208369397,0.16949843781385088
100,0.6881218162711513,0.5003833595834417,-0.34239516212476007,0.039830727300266044,-0.6233402458784931,0.15514863944013602
101,0.9441964904559847,0.9747021956607815,-0.18267973250844394,0.31184620577694955,-0.1886936030975439,-3.470905949510419
102,0.5430961313179066,0.07057915050130048,-0.564055683824664,-0.5230181168782579,-0.4495932282883808,0.538783414821826
103,0.04635664205526102,0.7846723231758328,0.555915651655285,-0.7036215676148763,-0.40203892967176125,-1.130425853268491
104,0.6833399938254325,-0.2852048666336475,-0.9128170724019189,-0.3904638531778051,-0.20362863616403803,3.2633013248054987
105,0.3231286733324874,0.6930124505414441,0.1065146895934268,0.7089049750490095,-0.23032437744847778,-2.7503203970462535
106,0.7733563315790204,0.4946518118748289,-0.5808160817704386,-0.496445858557794,0.04776137833498706,0.8449030596381102
107,0.5954651903818784,0.2558436977912,-0.9233367859629227,0.09295804333816982,0.7238241908635399,-2.3437451198519383
108,-0.6731032845435105,-0.4823131595499892,0.35143749675292524,0.7427242058740886,0.9053434415635071,-1.968536636123237
109,-0.706374488881933,-0.12620968134822208,-0.47775863085660997,-0.3023996392287096,0.606731197513116,2.092546712158604
110,0.057677602721136534,0.646309669416653,-0.31535493363190126,0.31489022556165036,0.7159652312139562,-2.024558900426604
111,0.6389112360962561,0.011005895158818557,0.930862128565987,0.3161779948664927,0.1864758032925964,-3.3449623089787464
112,-0.2601563939966054,0.11699560385979568,0.7187570098277802,0.29930062413230596,0.4033754089578261,-2.74136171903141
113,0.8647013230841631,0.1749874949590049,0.8965047432362825,0.11206950753029377,0.0011228416982023148,-3.6725036371435
114,-0.11624145706828282,-0.36313043724501304,-0.43090160346573914,0.9317726249795077,-0.13406133843314483,-0.9661780365775847
115,-0.0761824768631032,0.9260089319845164,-0.31633877286996714,0.5978454664300263,0.5976926624261238,-3.2423481996866683
116,-0.34968801864642796,-0.653351014113678,-0.19597847773501464,0.6480344017258812,0.7040087683733065,0.49220965951172224
117,-0.027424497130442704,0.36298810721977426,-0.08943447880619937,0.13423966421327416,-0.42296902671805414,0.2576995297211421
118,0.12914068519228716,-0.6173285585588868,0.35381171930552124,-0.5689891054486804,-0.44395281251192786,2.9577186613922466
119,0.1892871657730495,0.24829995947578154,0.3361454746572943,-0.6547765156541978,0.7974253848648161,-1.0812209479272177
120,-0.9889091831861909,-0.030181113114881475,0.9766570692447749,-0.2496289450344038,-0.8059236827222775,1.4490138014883882
121,0.6158764189672203,-0.9851472429107739,0.10318545196481099,0.8638642961533562,0.1643509182917402,-0.7385582014366093
122,-0.74273760498124,-0.8364398258120296,-0.7231688544368204,-0.20124257979439975,-0.15138627783801617,6.172068872990694
123,0.6438859204870446,0.44588225503441614,0.8643263799283067,-0.5524384192722556,-0.6875666052931768,-2.195901441430498
124,-0.8318475717334617,-0.7815336037966489,-0.9694283113224496,0.8439579373146677,-0.4927294276537635,5.33985469367656
125,0.4581771331457676,-0.8140085561049162,0.9879364689613326,-0.3824866639110218,0.09125850369886401,0.13188812735200584
126,-0.6759683258989382,0.19486621672075,-0.4136950627456413,0.26410098960345585,-0.9476067894983125,3.2346645663705553
127,0.8076530167844087,0.9634574398885993,-0.9929038592737522,-0.13772442806961238,0.35214442209513686,-2.083951668901382
128,0.14754822731764894,-0.7947294815784083,0.3996681495458294,0.3223357346558622,-0.9018057387544474,1.5727749933857942
129,-0.1873599342582557,-0.33304239466822105,-0.8617667879236672,-0.9805477282029389,-0.5090026730236268,6.567269424925909
130,-0.10750326945933697,0.3267855145552814,0.09882611756490323,-0.9449141406956936,-0.9361640247884973,3.742144859069434
131,-0.26389347983378864,0.6076866322378518,-0.23525957516249663,0.5403383479873858,-0.11907599582429196,-1.111605263793466
132,-0.45154997708390954,-0.76605897246725,-0.7685109281018061,0.9052053968159279,0.6172522294510006,1.1826237476337822
133,-0.5719761701833075,-0.7891082677890984,-0.5350404287915285,-0.3987797289935906,0.2688845357988783,6.085946941947735
134,-0.593561970556318,0.31275582280786773,-0.4966318030416448,0.3291386012358828,0.3667038484952283,0.36032111463585814
135,-0.5202278964013665,-0.02403753206405601,0.5151423732125218,0.19553081168553432,0.5674961677344703,-2.2312056811535244
136,-0.8667941507019026,-0.557404787462259,0.8968799066511053,-0.0028567253012710125,0.147425939027797,-0.4081272360171693
137,-0.4990892692069866,-0.0339314714745913,0.97111957122141,0.03897023851961867,0.2257890515259353,-1.6137372982563347
138,-0.8085749667752258,0.7706536525502792,0.25449794410253745,0.4468327163799095,-0.9677415866099663,-0.20962216392688526
139,-0.8362111218979023,-0.00992073682053829,-0.422219862691676,0.2799837375242573,-0.00012810513721772665,1.7150798575894666
140,0.26649186913023604,-0.9375756794152261,-0.7370247799103378,-0.2310988726196599,0.3287841290742093,1.2682712967077185
141,-0.2404542746543643,-0.6138905666218486,-0.9097397268043861,-0.6580622347892773,-0.35187119126096045,6.900237155875538
142,0.19014775269522977,-0.11735172908105773,0.8656850652394841,-0.2048718967330272,-0.044443903249579364,-0.41585346000126666
143,0.9429754527793102,-0.9275849601125827,0.22319827381495094,-0.5693141980525465,-0.5068805312019895,3.1707882439762076
144,-0.18644221305226294,-0.255207038811776,0.7143061157424873,-0.9467777688800809,0.8402984595180099,-0.5111733590261517
145,-0.39789328359760034,-0.7094725320590924,-0.81562780526326,0.20586439341384644,-0.2716251004871062,2.775106631727256
146,0.33686624835824386,-0.5204610568571193,-0.9696046816724502,-0.5626357206505743,-0.08896071540408657,3.611787026634186
147,-0.28717355438606007,0.9452662902293587,0.8363692671048817,-0.8438277664190172,0.7048336527930992,-2.0515017306646963
148,-0.02970122435390654,-0.5585385804194414,-0.41205173554437713,0.6570546443890612,-0.26546887403416486,0.11530578126295521
149,-0.9923455923997788,0.7999162139583893,0.4192846387856102,0.05763689400084404,-0.8918022748887551,1.89827586268839
150,0.9347237712853602,0.315334886150316,0.16980853264299123,0.03754515732795349,0.5293150761950602,-4.53553755865786
151,0.8106831513232198,-0.584728277607351,-0.4150211744151504,0.04002030614496688,0.8038227453213411,-0.23844407216889962
152,0.6743801749312419,0.5289310850202389,0.768964220741253,-0.9348716019968635,0.38291229062169396,-1.3466259194002563
153,-0.07328447285057083,-0.8832261926827509,0.07731648257763846,-0.7079285260311046,0.2681696104943474,4.568092369778431
154,0.42015044891594,-0.4109660118570211,0.9427279973695071,-0.4426250598639063,-0.8600356212302407,1.012809337139442
155,0.8240246568745941,-0.10141786425096089,0.7773150768079131,-0.8214095305721101,0.6921576349565901,-1.8277544081137977
156,-0.18107550107309867,0.33587136568922493,0.252114471607334,0.7537264593705006,-0.8311573123943039,1.7336731816480093
157,-0.5878085451094517,0.4355151245591151,-0.24202830060216463,0.33676789451891964,-0.9413605542124575,1.196649906755898
158,0.4219973871910201,0.9420922810202579,0.7433658662846145,0.42032330264139706,0.9170194860433336,-6.187186287369727
159,-0.5097388168770756,-0.9736803374182772,-0.9517031884324552,0.4187713848063441,0.8491037695869563,-0.11746836757803769
160,-0.8131458624778485,0.6749322168674181,-0.17946856486153395,0.32343308040461416,0.8864011169543056,-0.3626040152511385
161,-0.06638024507604268,-0.4734379273866818,-0.28986974726719494,0.9082879377969193,-0.07772425893566126,-1.328077784071101
162,-0.8330418163735775,0.6565519566154825,-0.9926822718710488,-0.31302660814782635,-0.34452958681083046,3.31604039216312
163,-0.4712050750197576,0.3818307778445251,-0.30570788066254195,-0.991663022784848,-0.41021058196351023,3.5851878034956584
164,-0.01313811299424561,-0.8591258867034497,-0.37962561666543637,0.7628039885240747,-0.15499165565598827,1.661580921690546
165,0.3697829309531797,-0.32754021046469206,0.9917221569015442,0.31753521208333435,-0.6079810685088323,-1.2605517539610205
166,-0.06604396229458498,-0.5534377172259157,-0.023144857185763312,-0.12295399230693937,0.4417144762113694,0.6365757761800909
167,-0.4853037885188578,-0.8346946480002635,-0.4727793077643361,-0.4570402929805095,-0.202721840633721,2.0749401499851214
168,-0.4460382264143692,0.6738647010714289,-0.30587280455432975,-0.8366306757739528,-0.9798291621586803,3.7407318586480054
169,-0.6398950187303292,0.27074967235430525,0.48441846999212745,-0.6390930685664828,-0.556110464573276,2.166567603710691
170,0.10190655046651087,0.626627277161993,0.7198822965652938,-0.7929581497016847,0.3260855713669526,-2.3036290165418762
171,-0.5151057961734966,0.3478559571877169,0.40174267993363544,-0.08333497465404838,0.7410912412270689,-1.6476446185668603
172,0.8841122980661233,-0.7082282861631184,-0.09263128410462573,0.0871262479499253,-0.7833239398171217,1.9896505811131633
173,0.29159682705649126,0.7178261960825776,0.23552798821885101,-0.20458515749842943,-0.10528122651039284,-0.891206848098427
174,0.4099176609027244,0.9907169640680349,-0.2881702685650809,0.5250956275708676,0.18635383312444231,-4.3255419917841715
175,0.7987832098780736,0.027358652020814223,-0.7712303354274521,-0.8948393230993814,-0.33883579437010125,4.180056830907932
176,0.13506460461937442,-0.8337601714049996,0.2656333307934211,-0.8059393860081865,-0.9441909192058022,4.757176672508054
177,0.6881549255008828,-0.8475918719012951,-0.0377433448397273,-0.06630057957322255,-0.47134404137588426,-0.21728697721893409
178,-0.5256627273575416,0.8552719910643121,-0.4414265108849236,-0.6612364141156246,-0.0897656811745775,2.7892175070842318
179,-0.3348394605646472,0.9073942385833056,0.31563014629961006,0.5457556610030836,0.37674868644125814,-2.089743548764175
180,0.2240267468083066,-0.6758611228668425,-0.9211796648578932,0.6556429675524422,-0.7210161181104211,3.507902128538454
181,0.36180599798991286,0.8084519881284353,0.21505814164127757,0.6239066248722487,-0.3289122529214277,-3.0992363840566104
182,-0.8742932013427529,-0.9028564826486292,-0.4963819255719728,-0.29677776854018867,0.6264933450052033,4.190899497821674
183,0.47493315360881994,-0.10508797556656724,-0.0188507648236238,-0.49288678068698655,0.08167666584104527,0.4756432349899743
184,-0.1408699363742929,-0.34225648974723843,-0.6795735032727104,-0.9522529273567515,-0.49610279885729214,3.5142491315403808
185,-0.4046603052567306,-0.8858145901905399,-0.7572664312663042,-0.7491790950786563,0.4463806829427317,3.723351194746236
186,-0.8373473118201074,0.48002085049024856,-0.37207110057066917,-0.5577591782839197,-0.4823761104192923,5.817583035170661
187,-0.27915256109258024,-0.5786947448918736,-0.15759988565997474,-0.5639291209010509,0.6915050146058555,1.138154525081868
188,-0.6562692711154829,0.6401065814440428,-0.3616048839360704,-0.7486708150192654,-0.6314759363692448,3.005401414647373
189,-0.3661574917345234,0.9917664673444042,-0.6767635779577548,-0.6520911729451537,-0.078186412412792,1.6649534087777156
190,-0.4940544763771495,0.13453484494460555,0.6503990094653507,-0.5440770458614934,0.797695472642602,-1.2406930509660752
191,-0.006984055249773746,-0.14780868925485113,-0.3887072238137632,0.8336975705455523,0.035246921522578134,-0.988646786188564
192,-0.7551815583707076,0.7623048391851415,0.2262802949950773,0.8807416906960608,-0.42367394954501947,-0.2481346402665662
193,0.4038955840920879,0.32956733866777754,0.5674669275588988,0.8282433899422048,-0.47185977840305804,-2.4023076432983483
194,-0.15831964515537855,-0.2399161979513298,-0.6569060069800734,-0.6876234423960779,-0.6536444055458328,4.333464356862675
195,0.5656426922872588,0.11679283690641928,-0.7330312080200516,0.6591039838061963,0.47597353505686146,-2.923780985910316
196,0.7166788463531566,-0.23191734322004653,-0.01577257873394311,-0.06996274405360925,-0.3705566588973983,0.9582742791307629
197,-0.8941213045742302,-0.6021139247779805,0.44838788096462445,-0.18352857925432575,0.30042649246745223,2.025566954586802
198,0.6323843992934375,-0.46337152360662226,-0.5373978959961907,-0.5158187104309466,-0.5741301850214457,2.477554586925486
199,0.379905094490139,-0.13138187068166007,-0.6016836853331549,0.933158751774783,-0.8726182813602585,0.13273581350554164
200,-0.9356732482230643,0.6477565727443466,-0.8476894460781719,0.7873201734176034,-0.9031254335381427,2.779533590312537
201,-0.4431006755021951,-0.5821554306145698,0.48975846331077033,0.8713331554553525,-0.1506256063473761,0.03063302726423589
202,0.22435872338118368,0.9764298872549071,0.8051130771977377,-0.5556858750298028,-0.9998362247726647,0.7335931676041614
203,-0.44732669437335226,-0.8464112231782803,-0.5211180964133701,0.7851436174968798,-0.9383082133880802,3.8958630781975034
204,-0.16541787819331177,0.9780690147905988,-0.5268003765889613,0.8336646658776579,0.836794935611266,-3.453977056647978
205,0.8595397066745938,0.4125323202607911,-0.04881795941530265,-0.9776782302317615,-0.21974937790720395,-0.7555396304113182
206,0.35381138387423317,0.13287122984308297,-0.30391588222497656,-0.17416523479307155,0.5924578352080088,0.30102114913316136
207,-0.9997281157055846,-0.4747326735757029,-0.5933951003677531,-0.8504635042012989,0.06163437390312865,6.4875398490761675
208,0.39611737229444044,-0.9997597970220502,0.6436272300534194,-0.28752037506942685,0.48923978950900127,-0.1315613874806881
209,-0.5743370028617019,-0.21539185783214498,0.7030961027743505,-0.7447755515639585,0.787730735747278,-0.7949204773392105
210,-0.6554720417779696,0.9369642424527915,-0.2835793553870596,0.3974321568234802,-0.07504799015233155,-0.16087175667477488
211,0.5530195982179034,-0.18928480060325548,-0.9935402230128869,-0.6502106213057939,0.8970098173906762,0.43835734952569116
212,0.06431431554190459,0.3513418481213517,-0.9122324356770879,0.86659580717268,0.6923741118890052,-2.906832365091504
213,-0.6704412788210139,-0.5858999002321339,0.3111031013208536,0.5293284303672616,0.6206296905208952,-0.5064940260218286
214,-0.7310384920782111,-0.267673938637494,0.9992885016230519,0.128253015263454,-0.06952946876958732,0.34146840677498236
215,0.9027242200311918,0.5972162930331097,0.30316689542000796,0.35540277342730975,-0.7330629439062988,-3.9170242501639296
216,0.25181302337033773,-0.08563654460746806,-0.5541075266644941,-0.24664600548731452,-0.7922315350706677,3.175721592812656
217,-0.5877697425728619,-0.32732094200641115,-0.3458002147689976,0.7645522023932325,0.6446076294474508,-0.3780559795826806
218,0.5277131929969712,0.19608001909706751,-0.1736863811060947,0.19057178699537092,-0.7327599401566838,0.11290541717747932
219,0.29486502601746456,-0.9252157824551213,0.5200916134872902,0.05388127746874183,0.7515424210877057,-1.1740214594131455
220,-0.34641332048072604,0.9798813622642837,-0.18153578277857085,0.5109328128499451,-0.834515819819458,0.5123609320919393
221,-0.3624671472362473,0.3839405910636393,0.10876649943554417,-0.2220988517537108,0.8502649792279722,-2.6199628620285234
222,-0.5106751080128,0.7067712142756435,-0.25922479506307505,0.04259365692370087,-0.020534961251606587,-0.11150748568157531
223,-0.9056534643731644,-0.5351997782919022,-0.9972767217894927,-0.273943688022972,-0.012342326031932416,5.410632078656022
224,0.7928513430704796,-0.553459051292871,-0.46375113937743095,-0.6110043209111486,0.9350021197655862,-0.5439832994347558
225,-0.3286552439890005,0.43729851836976663,0.5061422534546054,0.7277079730192633,0.6898040761512021,-5.593492014000663
226,0.4835208442897536,0.11947579128942376,-0.3303271742659615,0.08597756509038712,0.3879694057164851,-0.7214387559422762
227,0.6296874057868194,-0.32586723310478005,0.855153159150779,0.5014340006863358,0.14812765029992891,-4.188715936450186
228,0.5379173899297283,0.23752355638547384,0.0026485326018315103,0.19425067968048437,0.5121200582593213,-3.444769703216252
229,0.7925935813589637,0.21021372435107955,0.2994262863291266,-0.5657526128669768,-0.2800737959427657,-1.358653461074742
230,0.22135095709351194,-0.8146762673733781,-0.017362417267715813,-0.5950699297687632,0.42135609280859065,1.7240171078970996
231,-0.7298087541897222,0.9399796957201674,-0.4974103723944703,0.06274465169990728,-0.7806925409839318,2.1904111588130086
232,0.07194035118558517,-0.12529747565828964,-0.04901438447216311,0.4260992244022699,-0.9952195753109709,3.108367147017714
233,-0.5672634406262167,-0.29487635170669124,-0.7262131639168825,0.4738068326149749,0.8975156131217672,-0.14239500736394217
234,-0.5913917643031346,-0.05862250310691475,0.6179277454235701,0.3500702538187437,-0.9879442286934041,1.7864787199717977
235,0.2724456155998791,-0.9877406691123729,0.10228137554565508,-0.6503008851877796,0.6001277034833652,2.0129998815449976
236,-0.1374685213640694,-0.8970689765443187,-0.5714115838243796,0.7121583948367087,0.24440882557226584,0.9796498951580599
237,0.333054237989985,-0.6159397125720649,-0.04906442501776742,0.9348732060427549,-0.9366621387038254,0.021536592908297625
238,-0.6681242315860922,0.5619958759999146,-0.4269267665417962,-0.38706049334088544,0.330522930699366,1.0202597246473646
239,-0.9748298374863165,-0.13813782951656584,-0.9909023014971972,-0.1090371462023032,0.48794049462767686,5.067590972047171
240,0.7465906537065692,-0.29728538098640667,-0.8696848027563857,-0.11465488630015441,0.9969182520194153,0.22919487433971705
241,0.399618495895955,0.589008635111451,0.9067096538449635,-0.3827002052716244,0.09726716822891324,-0.988966446835674
242,-0.6139752871576385,0.4633007811842407,-0.45057723640576164,0.44363504626598216,-0.804274193858773,2.5430788698009295
243,0.5866433018260477,-0.40501652972094493,0.7460350485142151,0.15769537629296493,0.6094713803461889,-2.8538915766202857
244,-0.15391288389607394,-0.46667060241375546,-0.6163543369484905,-0.5963033403127955,-0.9233111760961268,4.939154372695029
245,0.28065701046198854,-0.6156870149997242,-0.7342076571914533,0.876143293630399,-0.2892805601191466,0.6105572366855887
246,-0.07097359386006064,-0.4471236579056834,0.2589166345788987,-0.2708620914655535,-0.8647136327935734,1.9661137383383598
247,-0.7587426680193525,0.6526816010136665,0.20612025682185475,0.09013601293292983,-0.3144723324513832,-1.1575157021197227
248,-0.7385976702795272,-0.9934100319818973,-0.4661194205499657,0.6800710689751956,-0.7460537477714175,5.446351985828642
249,-0.3917584219456318,-0.1659555779505968,0.3626015315855933,0.7509136835903498,0.02084467495602227,-1.2134045425359605
250,0.3366685042984965,0.46391099586541085,0.18916175636188393,0.9079796281109076,-0.5197946609916457,-4.074826862634241
251,0.9846182026086854,-0.3578343718819095,-0.2796240575601421,0.07170775048370359,0.2501676963357595,-1.3956344901204258
252,0.8872294898893149,0.8100569157181015,-0.11280739610818502,-0.8056807885690616,-0.5864337022065811,-0.28992303105226824
253,0.7502490677464493,-0.2728473640247733,0.07991987042511695,0.13620642763795687,-0.5490732793880801,-0.010349379816567528
254,0.10105938091740607,-0.4639577664307677,0.9804780004281579,-0.23361193998716323,0.3873107885809939,-1.2530626898955952
255,-0.9252900492780327,0.6097633622292409,0.7304889706193942,0.02475912688519344,-0.24281237534708366,0.5564465294363832
256,-0.18464857351097885,0.075165225288083,0.8018790800231737,-0.19610748010221757,-0.35649345609423766,-0.18999330484963256
257,0.5087832098086722,-0.7729818431814353,0.5507295256853832,0.17180394930667076,0.6707773742930003,-2.6611301473813667
258,0.12443675746181126,-0.7555129007349899,-0.5972009972372583,0.6232886965680431,-0.0640248518865012,2.1695089271586387
259,-0.2688654376284765,0.23970215494015235,-0.3414417330254145,-0.3854906949688557,0.5022424842472986,1.3509482055763409
260,-0.09254474659989875,-0.9567062742938683,0.07028280003043341,-0.15405353257147225,-0.684932807794727,4.391496820992868
261,-0.4593813661333219,0.7946058202175925,-0.7814964132243409,-0.623045656756607,0.21709881830324118,2.03165040041578
262,-0.8746149289656584,0.6826703914826326,0.99530217658432,-0.5168304651570632,-0.19976512512422762,0.4591780638007893
263,-0.5075141625997477,-0.5893004505432695,0.36965170022129956,-0.0277766645604669,-0.3501807100483485,2.5539194260562343
264,-0.21988415094929126,0.560504331742991,0.6484263751434161,0.7850714197465507,0.28353962561818946,-4.5569612015053105
265,0.7116722314925668,0.6681918327329686,-0.007374533008287276,-0.06796778356648114,-0.7622653774850756,-1.1520908877826368
266,-0.32362415171473446,0.8643167793125917,-0.8726024047009338,-0.37459982421614213,0.1863378869683039,0.842774442376999
267,-0.7716830209906447,-0.22893693859729036,0.013264373087658488,0.42112134423274306,0.13889537768820004,-0.49343308244195105
268,-0.0651893450920582,-0.14166839889668026,-0.7961817500605255,-0.9773431249527091,-0.9674633847182716,6.582988860527362
269,0.2875278958116776,-0.24774463832087812,-0.8934041485661646,-0.13762557681102705,-0.6852658043266502,3.7475748287379456
270,0.38340359740035423,-0.6977450953038395,-0.2022474145476869,-0.518288204552751,-0.31308797190335014,3.6559281536277344
271,-0.5005075933777479,-0.5404728053009697,-0.6073071107504768,0.9197991276516209,-0.014172544762853123,-0.10524949215029489
272,-0.9745248726321878,0.5265372745343033,-0.16717074960590983,-0.13552161266069618,-0.037769969738526754,0.9226266800468955
273,-0.8412684192439686,-0.1433054505981015,-0.5909142809071446,-0.09872701896253044,0.095527145257708,4.433842855878964
274,-0.065339453974258,-0.24978170380496256,0.0857208493548085,0.7178336751628815,0.3043077475858831,-1.1875736972767006
275,-0.6095100734269798,-0.0576273295165981,-0.953263123928672,-0.9641865870193371,0.46977218118439246,2.8414764306766367
276,0.574326779571539,-0.4655329128876573,0.01323140940655576,-0.7292921815435209,0.1833742073508402,1.4338362566423117
277,-0.016896377992092537,0.8321827202838512,0.2543480399720568,0.4129596279625636,-0.8357786466549133,-1.9072260018919485
278,-0.4719791022757456,-0.7383491174994754,-0.05757476315265064,0.3296292075997036,0.19509281918771593,1.3954884402098722
279,-0.23283441099046787,-0.5472570557190686,0.47826454832875465,0.4248478173694046,0.948845173497143,-3.51368063164804
280,0.9989483465936957,0.4482505814748021,0.24487593851344447,0.7461957467376501,-0.3493178110385191,-6.153268887879038
281,-0.09494769794472413,0.24368950291583413,-0.9633818899589572,0.03604009621519921,0.37828574034438756,0.5350799159505513
282,0.9622355465549557,0.5014950502588418,0.07995416586519544,0.8634057659229719,0.7612142843531859,-6.498686867623387
283,-0.6122497594434273,-0.621593564865395,-0.29974897491689534,0.2305930766613753,0.08483051936926311,2.550541609432345
284,-0.0055829676368377434,-0.018828508506629982,0.44714956898371083,-0.6002860038779607,-0.26599197716520595,1.5998578217929378
285,-0.006339548673163442,0.04533198083232293,-0.4284550225011763,0.5632468361688465,0.17908758498511657,-1.0077289461846952
286,0.47675619359080024,-0.482748894856345,-0.049501491110676143,-0.5292803834345672,0.12846044159604464,0.4838806388713771
287,0.8361940319182133,0.7289605551472109,-0.4461964199079942,0.04697509665003685,-0.7818236054713659,0.385009829535644
288,-0.641931850678831,-0.45066275357955643,-0.959100530190816,0.16686456351478385,0.7747774969142003,2.12995812824394
289,-0.059405825020167,0.8987604538726706,-0.7494776632032703,0.6153422805847577,-0.5294155489177468,-0.3875694456411596
290,0.5371484835648652,0.7057645647204023,-0.05951581517951832,0.427536633457398,-0.3626648146191389,-3.1490314059380045
291,-0.5545982658339705,0.47677710505735926,-0.17361624335578485,-0.12461578266260309,0.6888025220132306,0.5530930161411737
292,0.8790827476936438,-0.8182694865994995,0.6759569675864645,-0.15293491353898014,0.7454706947802272,-0.8935023109377838
293,-0.9611858247403815,-0.9845403695471064,0.3729271368646119,-0.7991283162563612,-0.8523089875475571,7.344552053266424
294,0.9444912287926306,-0.022500678600617663,-0.8755158634061639,0.8799526540098361,-0.45665471969378957,-2.2885932312844
295,-0.7362858670884969,-0.9454507636095273,-0.9664994558137632,0.6921055381351389,0.2628501397770058,4.26636466097863
296,-0.4570163270730834,-0.03156045295712162,-0.3232457775625437,0.5482721396009664,-0.047946784729832714,1.0859134896464138
297,-0.9035012628726604,0.35929547921389493,-0.8900367790456183,0.042567691238220684,-0.4679470116855915,2.9124307572974
298,-0.37692766009331913,0.8829339948110502,0.006494854165009167,-0.30221415193250145,0.2940391902734172,0.042551198231746856
299,0.4797062853223104,0.5976675529672217,-0.7271028830244868,-0.001538888394399418,0.6454750911366496,-2.8834290719805753
300,0.03856072228565277,0.3886297723527157,-0.51068042587473,-0.3228355955400861,0.12725596606313938,0.619673261073546
301,0.2247567091873346,0.07583816395919141,-0.3880883405834654,-0.019261445728212534,-0.4530910372446859,1.9198719447282977
302,-0.8042239293748701,0.7562886973917489,-0.6486795191697305,0.4946707899807321,0.99085059450327,-1.6675033836747475
303,0.6266237535832209,-0.6084889008902599,-0.9538337521132234,0.4030905211986069,-0.9946999000667676,2.7521542053675976
304,-0.4114122939703524,0.8043430403224112,0.7613894743424681,-0.8576112465179644,-0.6991949596079208,1.2890409774252312
305,0.43492997860727023,-0.2411137300949624,0.7364450854967795,0.9899220568474698,-0.6133540652844303,-2.355228059183036
306,0.2343721771065359,-0.19052102805250493,0.9849568718502131,-0.8022974308820272,-0.5587933643855953,1.306099685359566
307,0.04143663984269974,-0.9299336629319037,-0.712798062235716,0.5912091772816546,-0.0160479022841038,1.4447138661448164
308,0.3747453448647895,0.07751720664828543,0.22817095056515257,-0.5512604474098888,0.6881116708353645,-1.8326541707640212
309,-0.8399869599897418,-0.7677492470532783,0.7791174466178084,-0.09531897995523031,0.9880090778688706,-0.46465479842397545
310,-0.9609318516492216,-0.01153914981743931,0.24411200700678348,-0.974997201186758,-0.2996715047604752,5.643440827592176
311,0.24790590358422238,-0.7687632098414086,-0.3654290363593582,-0.17034757609273643,0.7326183157667319,1.7053653613652897
312,-0.9929355780675033,-0.03822191225007576,0.8549099971253036,-0.6032686219465617,-0.8958177312210023,1.3732912190883426
313,-0.6657788680920826,-0.7268297158908124,0.8126214694161575,0.7291723680955717,0.7954683711423369,-0.18106238651411136
314,-0.3292489493770845,-0.3392767957117404,0.05021482407717448,-0.1603405410931753,-0.4095397498147584,2.525766278078346
315,-0.2150995729683074,-0.4613114597692429,0.9113852790152974,-0.909430074292328,0.236766146588552,1.891772414055467
316,0.8481880908399511,-0.22362829281270558,0.8766316694261849,0.6396069441953705,-0.15191666327336528,-7.04040125207457
317,-0.6715862326629747,-0.9635001958097384,-0.2907360331056883,0.6518315739833784,-0.39267696944015884,3.7959954011586965
318,0.5847337443977123,0.9156896162787989,-0.6632152796182489,-0.7287620922223179,-0.06009044137962216,0.7946584365587851
319,-0.3765077604758813,0.4126470716808719,-0.8357508017538691,-0.6103904299031084,-0.9734962780338721,4.236851992866753
320,0.6618153328313618,0.841123806635037,-0.7166737534851784,0.16678041638719932,-0.4358938253555287,0.28860506749319814
321,0.07415958760068819,0.7955054884080741,0.8941349809805563,0.8307090132509833,0.5090366801200439,-6.559636297320291
322,0.824264242955258,0.16142642678890784,-0.5346272422142382,0.49339526155299307,0.555538035109415,-2.839400750091208
323,0.8691904822270669,0.75708998026298,-0.3981616370229304,-0.9653448722168503,-0.9581486959861918,0.10955478991872991
324,0.6093998117024781,-0.8381252568325337,0.828828921505284,0.6345011949451111,0.1909240596370192,-1.871830765082429
325,-0.9135542158407064,-0.396106327474562,0.9611643971885753,0.07900964510747066,0.2526187234197126,-0.8325873518959388
326,-0.3056591454503128,-0.8990501228538628,-0.3118375850551731,0.5639587040588225,-0.7992010879341935,4.171909205970853
327,-0.3805747014419685,-0.08130803324103253,-0.351255407332282,-0.6446437588622569,-0.7457423929992819,3.763849152944418
328,0.476299789044085,0.2720739436677262,-0.6103545756061561,0.7361581108190529,-0.42310445172450617,-0.7298888797177572
329,0.5032879775858368,-0.8417020785235896,0.7187781513612228,0.6430082264011159,0.8197433192204178,-2.4639099156189452
330,0.9494335310594244,0.3456196357706063,-0.9507284726261458,-0.06965171650485691,0.6553544271074876,-1.6845628093484846
331,-0.9378458186091363,0.4269928084248493,-0.9123211501968489,-0.058571194111775915,0.4382463985110219,1.4859878248394762
332,0.013109521985649186,0.21537006028238603,0.2997010516363148,0.25096011606895896,-0.26431246524379537,-0.4160139632061991
333,0.657968581761085,0.8247807243623133,-0.2166018284950728,-0.3824717666060833,0.1493475036874492,-2.3007474301098814
334,0.8904732698901685,-0.4198271499032389,0.45408548789275915,-0.9699677031658085,0.7582848767790669,-2.318182155433955
335,-0.07913596383163779,-0.8092805622045027,0.820469452653658,0.3360369288384879,0.01994192297183872,-1.5423100844199475
336,0.14429353596892236,0.32190359005920643,-0.40350921336534107,-0.16274628203994812,-0.09382215090773993,-0.3454826061561253
337,0.01880345470044764,-0.4061969678862889,0.9005032501383015,0.6319321793341197,-0.3540521143951476,-2.2626908687616605
338,-0.9115255862910103,-0.5814711412038551,-0.8583896408096028,-0.6403524097909614,-0.23115753545043316,6.755910501537696
339,0.388772200337151,0.7897555822776656,0.5064087065469591,0.04058084262699513,-0.0026235680087136615,-3.8729770414743196
340,0.46973652297374935,-0.7506425679269437,0.3867307047224431,-0.13354961774914376,-0.8157716360029272,1.782126687590008
341,0.13514832511056252,-0.6483434690886098,0.02075274069516797,0.5138916730586023,-0.779789607109199,1.3712632468988852
342,-0.43753043709418304,-0.2754464780468475,-0.9881143125529404,-0.2685617481452709,0.0677719633965892,2.539430447495786
343,-0.3218015336751907,0.6419378954917552,-0.08235784013480707,-0.9703188415880246,-0.6735599366208502,3.5178733168078375
344,-0.599197370074692,0.641148439355772,-0.07013029055434705,0.5595333241778904,-0.5250435600234682,0.662749223881401
345,0.8753367135811916,0.8160221673260801,-0.3024053678260179,0.2692761405160946,-0.4523155766938485,-2.029848749921917
346,-0.3021457721427725,0.5708868925099511,-0.7253398035721308,-0.8763848541318071,-0.22673479956361375,3.367298580274946
347,0.4052540218773162,-0.9848945235233231,-0.914049201071049,-0.9324608278337867,0.05523479598247527,3.1679908162975052
348,-0.21315932654703862,0.6246524786326983,0.5711135100025049,-0.821808064173168,0.9040214499383878,-1.450784766319408
349,-0.2965932940445908,-0.46980742263631026,-0.7452230554764747,0.9758722062002887,0.6706862017605328,-0.011772694105816495
350,0.054069750422738316,0.7378615996230731,0.7225029132483061,0.6903970056089137,0.4049033675189211,-4.024654793909096
351,0.08527185157701189,-0.8664511135499906,0.30672974270608133,0.9921726547356509,0.5387946741479246,-0.7069790974085014
352,-0.5166287255092044,-0.8089407168892782,-0.5235001885751764,0.6155821725803121,0.7899565757720233,2.05911888232213
353,0.21280251783843163,-0.8394283592919058,0.3864470877764359,0.3518812256838546,-0.6665115796403922,0.8933890748130016
354,-0.08836408633581772,0.537633883573821,0.2509809615096117,0.3610688929812993,0.7844335209212625,-2.8886451592856686
355,0.32527283734041434,0.11573980183678279,-0.299720735994095,-0.6092953068857829,-0.632385255984472,0.7072317942077397
356,-0.7617855536812703,0.766778112998294,0.08154335613058761,0.12265549536765619,0.9613119080941832,-1.8475002711632187
357,0.6593477006802584,0.4471718002803655,0.6514543651849254,0.4566857787581744,0.7460070123556843,-6.348596969931111
358,-0.7406335588710935,-0.8408944891384924,0.17745604043115715,-0.6320505091395852,-0.39819742102467637,4.919068323390184
359,-0.7749198276633908,0.44432648432935307,0.8641774860878215,0.33600259064460825,0.7174532189053289,-3.1580525019606447
360,0.6341981574804765,-0.6650367176738778,0.06815298443212892,-0.22851303512656496,-0.5027524649772885,1.889526653185503
361,0.7842408070466205,0.7337062057007202,-0.4567125430358725,0.1770957689622803,-0.47568254878458327,-1.0715482050053424
362,0.5836989628075746,-0.5259870052883444,-0.31767248650185875,-0.5874624657316025,-0.24284337648568144,1.5814992211519692
363,-0.6246121139858685,0.14663778010929396,-0.40707340530055025,-0.08723525054598924,-0.7220523225710118,1.9411835302252713
364,0.026256308398004302,0.33324910032814326,-0.7881830298863723,-0.7382100986718385,-0.3560387870633839,2.9107243266875433
365,-0.6441215568972576,0.40130826103209283,0.5626138030641108,0.2691674355349636,0.7236153227167414,-2.1092797080815977
366,-0.7514640625002813,-0.17110813621886667,-0.5868331866518597,0.4931177953539525,-0.18817034519932418,2.1787665123947924
367,-0.803632002757066,0.886361142354166,0.889555664421255,0.24265675085586236,-0.9660170013075136,-0.387555025402909
368,-0.8033438192301341,0.18893423744536708,-0.04316830334205135,-0.5334128602243893,-0.9604878188406583,4.012081618648833
369,0.9931382622632787,0.4762597010847185,-0.4987784197678089,0.983609271370071,0.7370677150511107,-4.967755105008875
370,0.4386915533094997,-0.25317463011527597,-0.921761299446676,0.16776792214640257,0.4402691593858987,1.2504003757437858
371,0.8555091518748583,-0.14564726102351755,0.29457909380383596,0.08859594701111217,-0.9709981985733946,-0.45703697555178807
372,0.23762818636641936,0.5525244434027012,0.4020018622929493,-0.12078882411763359,0.8606964047413517,-4.093618131469791
373,0.721086975087768,0.7176914275989235,0.8681774111465723,-0.8549089340535827,-0.2104827015583055,-2.1608419735524653
374,0.8756096831373921,-0.8199929326716473,0.6183860904213507,0.22604784260629973,0.28001610890044715,-3.067834924867987
375,0.469873344997114,0.42885378761899484,-0.6359616426037134,-0.04615207585985859,0.37641353332399485,-1.0880387615598925
376,-0.1738218716498101,-0.40451717221113737,0.13941497818854942,-0.5537245032465301,-0.5525964053674015,4.249981745352819
377,-0.5834731837084313,0.8690047553927938,0.9033248870317632,-0.8202911912066542,-0.871851300775285,1.8502104867348166
378,0.5519153774104024,-0.5135550237796331,-0.8062946239089901,0.6824524554898146,0.49412026494646644,-0.572983379521836
379,-0.4513762031358466,0.7413546930205823,-0.12704756535718942,0.3697940523577703,0.6364056817062369,-1.723005168762612
380,0.4158587999010195,-0.30835943349662776,-0.0588792746625284,-0.7052743320641175,-0.00018542822176437213,1.3977470212566176
381,-0.9661033708197893,0.04098747731455665,-0.5214135079468387,-0.19092290411070478,0.6530603247147659,1.1698719901170014
382,-0.03794744898969293,-0.6367423146523508,-0.35736220098714266,0.6910659931251375,-0.6261925021465693,1.359290453375916
383,-0.967984810785296,-0.48837298664205564,0.22266133442104352,0.5067691411764681,-0.7731388347620327,4.084763534187596
384,0.7955302241542681,0.47200685323289293,0.866234547828326,-0.6961167903773917,0.5132585940251444,-3.3143572650814725
385,0.08582881776905316,-0.3351455327377626,0.8706058138489521,0.9516687301573672,-0.6351978820805384,-2.3231874910470136
386,0.0896264988152331,-0.6519358189225593,0.8082284337002665,-0.5883244346333796,0.30008651358031346,0.5832707935975858
387,-0.5489302314470241,0.6025535682370515,0.7509196586260745,-0.09202037117469253,-0.26895876344511094,0.09422672995859371
388,0.9443094951199162,-0.510826618939582,-0.20218761188320467,-0.25122043212253886,-0.4864056145418696,0.734714397530196
389,0.8042288653121816,0.6683718603530509,-0.1852506398470921,0.394996403288695,0.911999786181678,-5.623368969741876
390,-0.1529639020468141,-0.25601643415144104,0.7366294203448918,-0.4390460387063806,-0.9588476852127534,2.5462096908619767
391,0.8912078282248301,0.9130079620732119,-0.7942281610982922,-0.8523739892312658,-0.1674667782548538,-0.85330792360004
392,-0.0697040270519731,-0.13002857807920987,-0.19442566143151208,-0.7563209444651771,0.051423082540295706,1.914269656884515
393,0.880058029856547,0.6654323945664253,0.6921096763929282,-0.7521539801521113,0.19297379668347392,-2.832989986509898
394,-0.36642420576324053,-0.291470648816643,-0.6578363415898019,0.6582252690037809,-0.3226583081713468,3.714386654306568
395,0.9672617698234465,-0.4849158716918338,0.12871808584956335,0.6139373682743583,-0.2112598920944504,-0.8305949191804965
396,-0.30086754394488047,-0.22025153934341524,0.5095941631455665,-0.26141765114270443,-0.5155603870154655,1.785919193169323
397,0.5070519815962291,0.4837243036840746,-0.9028419343114624,0.41739479088549203,0.6784866956101672,-1.9844270577258754
398,-0.5364431143825088,0.4843595913010226,0.5483150472242881,-0.43808126549745396,0.8424609427441294,-1.7453664184030404
399,-0.6767653992518499,-0.35186283507918215,0.2873695897137134,0.1991894871551676,0.5505203021138392,0.3936380539129051
